title	content	date
Mort au chats	les chiens c mieu	21/12/1212
Mort aux chien	les chats c mieux	12/01/2121
Mort aux chien	les chats c mieux	13/01/2121
Mort aux chien	les chats c mieux	14/01/2121
Mort aux chien	les chats c mieux	15/01/2121
Mort aux chien	les chats c mieux	16/01/2121
Mort aux chien	les chats c mieux	17/01/2121
Mort aux chien	les chats c mieux	18/01/2121
Mort aux chien	les chats c mieux	19/01/2121
Mort aux chien	les chats c mieux	20/01/2121
Mort aux chien	les chats c mieux	21/01/2121
Mort aux chien	les chats c mieux	22/01/2121
Mort aux chien	les chats c mieux	23/01/2121
Mort aux chien	les chats c mieux	24/01/2121